query_id,retrieved_docs
001,cdn_soc_0003955 cdn_soc_0002307 cts_for_0002010 cdn_soc_0004946 cts_for_0001093 cte_foc_0000260 cts_for_0002013 cdn_soc_0002219 cdn_loc_0001911 cts_soc_0003580 cts_for_0000202 cts_soc_0000801 cts_soc_0003030 cte_foc_0002798 cts_soc_0003259 cdn_soc_0004947 cdn_soc_0000300 cdn_soc_0002385 cts_for_0000925 cts_soc_0002336 cts_for_0001203 cts_esy_0000215 cts_for_0000082 cte_foc_0002784 cts_for_0000180 cdn_loc_0000300 cts_soc_0004817 cdn_ent_0000749 cte_foc_0003486 cte_foc_0001543 cts_for_0000288 cts_ent_0001002 cts_soc_0005595 cdn_soc_0003603 cts_ent_0000250 cdn_eco_0002363 cts_ent_0000339 cts_soc_0002209 cts_ent_0003437 cdn_ent_0000128 cdn_soc_0002936 cdn_foc_0000166 cts_ent_0001662 cdn_loc_0001540 cts_int_0001842 cts_int_0000042 cdn_foc_0008251 cdn_soc_0002442 cdn_soc_0002947 cts_soc_0005892 cts_soc_0005821 cdn_loc_0000097 cdn_foc_0005200 cts_for_0001915 cdn_foc_0002002 cdn_foc_0003464 cts_int_0002667 cdn_loc_0001330 cts_ent_0002596 cte_foc_0001767 cdn_loc_0000780 cdn_loc_0002114 cdn_soc_0004721 cts_ent_0000064 cdn_soc_0001745 cts_soc_0005891 cdn_soc_0004137 cdn_loc_0001921 cts_art_0001155 cdn_soc_0004343 cts_art_0000296 cdn_soc_0004433 cte_foc_0001485 cdn_loc_0000169 cdn_soc_0004651 cts_for_0001897 ctc_sto_0006226 cdn_loc_0001667 cdn_loc_0000389 cts_soc_0002332 cts_art_0001157 cdn_spo_0000386 cdn_loc_0000211 cts_art_0000993 cdn_loc_0001741 cts_for_0000782 cts_soc_0004812 cdn_soc_0004514 cdn_ent_0000328 cts_int_0001882 cdn_foc_0003636 cdn_ent_0000068 cts_soc_0000132 cte_foc_0000558 ctc_ser_0000511 cts_for_0000140 cdn_soc_0000965 cts_soc_0005415 cdn_soc_0000223 cdn_soc_0005143 
002,cdn_edu_0000554 cte_foc_0002373 cdn_edu_0001109 cdn_edu_0000415 cte_foc_0003620 cts_soc_0005792 cdn_edu_0001302 cdn_edu_0001372 cdn_edu_0000811 cts_soc_0005359 cdn_edu_0001267 cdn_edu_0001009 cdn_edu_0001134 cdn_edu_0001104 cdn_edu_0001154 cdn_edu_0001271 cdn_edu_0001143 cts_soc_0004597 cdn_edu_0000919 cdn_edu_0000914 cts_soc_0005003 cts_soc_0004922 cdn_edu_0000978 cdn_edu_0000918 cdn_edu_0001047 cdn_foc_0006364 cdn_edu_0001165 cts_soc_0004894 cts_soc_0005356 cdn_foc_0006362 cdn_edu_0001084 cdn_soc_0001296 cdn_edu_0001155 cdn_edu_0001015 cdn_foc_0006366 cdn_edu_0001319 cdn_edu_0000220 cdn_edu_0001270 cte_foc_0003432 cts_soc_0005004 cts_soc_0005514 cts_soc_0002755 cte_foc_0003425 cts_soc_0002187 cdn_edu_0000755 cdn_soc_0000493 cts_art_0001460 cdn_soc_0001411 cdn_edu_0000447 cdn_soc_0001230 cts_for_0001216 cdn_edu_0001214 cdn_loc_0001326 cts_soc_0004895 cts_for_0000392 cts_soc_0005120 cdn_soc_0001695 cdn_edu_0001320 cts_for_0001215 cte_foc_0000156 cdn_edu_0000512 cdn_edu_0001105 cdn_soc_0000961 cts_soc_0004035 cdn_edu_0001080 cte_foc_0003482 cdn_edu_0000928 cts_soc_0006066 cdn_edu_0001259 cts_art_0001496 cts_soc_0002342 cdn_edu_0001197 cdn_edu_0001253 cts_soc_0006228 cts_for_0001821 cdn_soc_0000016 cdn_edu_0001163 cdn_edu_0000742 cdn_soc_0001382 cts_for_0000427 cts_for_0000568 cts_soc_0002244 cts_soc_0005535 cdn_soc_0000062 cdn_edu_0000583 cts_for_0001217 cdn_for_0000132 cdn_edu_0000759 cdn_soc_0003408 cdn_soc_0000320 cts_soc_0004695 cts_for_0000408 cdn_soc_0000898 cts_soc_0004008 cdn_soc_0000682 cdn_loc_0000407 cts_for_0000155 cdn_soc_0000639 cdn_edu_0000492 cdn_edu_0000502 
003,cts_soc_0000597 cdn_foc_0008637 cts_soc_0000287 cdn_soc_0002194 cdn_foc_0008638 cts_soc_0000417 cdn_soc_0004042 cts_soc_0000269 cdn_loc_0001157 cdn_loc_0001324 cts_soc_0000418 cdn_soc_0000013 cdn_soc_0004228 cdn_foc_0008635 cdn_foc_0008636 cts_for_0001706 cdn_soc_0003907 cts_soc_0000286 cdn_foc_0000009 cts_soc_0002632 cts_soc_0000274 cdn_soc_0003614 cdn_edu_0000507 cdn_soc_0000015 cdn_soc_0001397 cts_for_0000501 cdn_soc_0001917 cts_for_0001271 cdn_for_0000641 cts_for_0001223 cts_soc_0005362 cdn_loc_0000587 cts_ent_0000210 cdn_soc_0004043 cdn_soc_0001921 cdn_soc_0004620 cdn_soc_0003237 cdn_foc_0003959 cts_soc_0004898 cdn_eco_0001564 cte_foc_0001274 cts_for_0000718 cdn_foc_0007530 cts_soc_0006095 cdn_foc_0007350 cdn_soc_0004775 cdn_loc_0000995 cts_soc_0001032 cdn_loc_0001741 cts_soc_0002734 cdn_foc_0000634 cdn_foc_0002544 cdn_foc_0002564 cts_soc_0005930 cdn_soc_0002909 cdn_soc_0004787 cdn_loc_0001105 cdn_loc_0001711 cts_pol_0002432 cdn_soc_0001664 cdn_soc_0001775 cdn_soc_0002246 cts_soc_0005691 cte_foc_0001221 cts_soc_0004084 cts_soc_0002588 cdn_foc_0002966 cts_soc_0004462 cdn_soc_0004721 cdn_soc_0000014 cdn_foc_0002586 cts_soc_0002781 cts_foc_0000581 cdn_soc_0004909 ctc_dep_0000950 cdn_soc_0003953 cts_foc_0002419 cdn_for_0000263 cdn_foc_0001783 cdn_soc_0004002 cts_art_0000311 cdn_soc_0001627 cdn_eco_0000526 cts_foc_0002623 cts_soc_0000239 cdn_foc_0005035 cdn_for_0000565 cdn_foc_0007364 cts_art_0001667 cdn_eco_0000135 cdn_loc_0001022 cdn_foc_0002019 cts_soc_0005897 cdn_foc_0002264 cdn_foc_0002037 ctc_esy_0000058 cts_soc_0004451 cts_ent_0000316 cts_foc_0003561 cdn_ent_0000965 
004,cts_chi_0002306 cts_chi_0002234 ctc_chi_0001731 cdn_chi_0001993 cts_ent_0001940 ctc_chi_0001730 cdn_eco_0002860 cdn_ent_0000534 cts_chi_0002315 cdn_spo_0001254 cts_ent_0001585 cts_chi_0002329 ctc_chi_0001695 cts_ent_0003686 ctc_ser_0000158 cts_ent_0002547 cts_ent_0003347 ctc_chi_0001199 cdn_ent_0000547 ctc_chi_0001603 ctc_chi_0001864 cts_ent_0000308 cts_ent_0000111 cts_ent_0002947 cts_ent_0002811 cts_ent_0000152 cts_ent_0001537 cdn_eco_0003314 cts_ent_0003609 cts_eco_0001889 cts_soc_0005749 cts_ent_0000506 cts_ent_0002473 cdn_chi_0001120 cts_chi_0002662 cts_ent_0002272 cts_foc_0005257 cdn_loc_0001005 cdn_loc_0001013 ctc_dep_0001407 cdn_chi_0000043 cts_art_0000151 cts_ent_0000499 ctc_ser_0000276 cts_ent_0000359 cts_chi_0001889 cts_int_0002718 cts_chi_0001714 cdn_chi_0001932 cdn_spo_0000335 cts_pol_0000718 cts_ent_0002495 ctc_eco_0000164 cts_art_0000598 cts_chi_0000343 ctc_foc_0000239 cdn_chi_0000428 cts_chi_0001379 cts_chi_0002668 cdn_chi_0000207 cdn_eco_0002705 ctc_sto_0001376 cts_chi_0002618 ctc_dep_0000043 cts_ent_0002011 cts_chi_0000429 cts_soc_0001212 cts_chi_0000117 cdn_soc_0001930 cts_chi_0000337 cts_chi_0000224 cts_chi_0000221 cdn_chi_0001892 cts_chi_0002419 cdn_soc_0003483 cts_art_0001673 cts_chi_0002688 cdn_chi_0000096 ctc_ser_0000421 cts_ent_0001315 cts_art_0000154 cts_chi_0000374 cts_eco_0000508 cdn_chi_0000090 ctc_foc_0000558 cdn_foc_0000559 cts_art_0000833 cts_chi_0002710 cdn_eco_0002522 cts_chi_0000157 ctc_chi_0000548 ctc_dep_0000042 cts_chi_0000641 cts_ent_0000761 ctc_chi_0000324 cdn_chi_0000297 ctc_cgo_0000705 cdn_chi_0000381 cdn_chi_0000277 cdn_chi_0001561 
005,cdn_soc_0003177 cdn_loc_0002169 cdn_soc_0004797 cdn_loc_0001006 cdn_loc_0000998 cts_soc_0003601 cdn_soc_0003178 cdn_soc_0004796 cdn_loc_0001127 cts_soc_0004839 cdn_loc_0001472 cdn_soc_0004137 cdn_loc_0001956 cts_soc_0005709 cts_soc_0005710 cdn_loc_0001964 cdn_loc_0000943 cts_for_0002122 cts_soc_0000396 cdn_loc_0002176 cdn_loc_0001523 cdn_loc_0001089 cdn_loc_0001218 cdn_loc_0000494 cdn_loc_0001133 cdn_loc_0000250 cdn_loc_0000813 cdn_loc_0000590 cdn_loc_0001758 cts_soc_0002304 cdn_loc_0001338 cdn_loc_0002018 cdn_loc_0001404 cts_soc_0002235 cdn_loc_0000306 cdn_soc_0002947 cte_foc_0000727 cdn_loc_0002203 cdn_loc_0000097 ctc_ser_0000534 cdn_loc_0000849 cdn_loc_0001953 cdn_loc_0000931 cts_soc_0003254 cts_soc_0000464 cdn_loc_0000307 cdn_loc_0000539 cdn_soc_0003453 cdn_soc_0000098 cdn_loc_0000295 ctc_dep_0000114 cdn_foc_0004373 cdn_loc_0002048 cdn_loc_0000767 cdn_eco_0001771 cdn_loc_0001383 cdn_loc_0000116 ctc_ser_0000495 cdn_loc_0000607 cdn_loc_0001134 cts_soc_0002305 cdn_loc_0002037 cdn_loc_0002085 cdn_loc_0000178 cdn_loc_0000641 cdn_loc_0001674 cdn_foc_0005120 cdn_loc_0000793 cdn_loc_0001213 cdn_edu_0000321 cdn_loc_0001578 cdn_loc_0000002 cdn_loc_0001457 cdn_loc_0002038 cdn_ent_0000892 cdn_loc_0001741 cte_foc_0003473 cdn_loc_0001747 cdn_loc_0001792 cdn_loc_0002193 cdn_loc_0000697 cdn_loc_0000665 cdn_loc_0001505 cdn_edu_0001402 cts_soc_0001027 cdn_loc_0000461 cdn_loc_0001179 cdn_loc_0000586 cdn_loc_0002023 cdn_loc_0001459 cdn_loc_0001194 cdn_loc_0001532 cdn_loc_0001680 cdn_loc_0000887 ctc_mnf_0001762 cdn_soc_0001806 cdn_soc_0002091 cdn_loc_0000824 cts_pol_0003365 cts_soc_0002597 
006,cdn_foc_0004860 cdn_eco_0003578 cts_foc_0004652 ctc_foc_0003504 cdn_eco_0004043 cdn_eco_0003475 cdn_eco_0003084 cdn_foc_0005119 ctc_dep_0001299 cte_foc_0003316 ctc_foc_0003285 cts_eco_0003578 cdn_eco_0001201 ctc_foc_0003007 ctc_foc_0001004 cts_foc_0003666 cts_eco_0002928 ctc_foc_0003252 cdn_eco_0003720 ctc_fin_0002731 ctc_foc_0000160 ctc_foc_0003638 ctc_foc_0001013 ctc_foc_0003257 ctc_foc_0001334 cts_eco_0001358 ctc_dep_0001397 cdn_eco_0003686 ctc_dep_0000863 cdn_eco_0003163 cts_foc_0004117 cts_eco_0003859 cts_eco_0001645 cdn_foc_0008298 cdn_foc_0004055 cdn_eco_0000892 ctc_dep_0000676 cdn_foc_0004104 cdn_foc_0007931 cdn_soc_0001759 cdn_foc_0007939 cts_eco_0003428 ctc_fin_0000825 cts_eco_0003396 cts_foc_0004121 cdn_eco_0003717 cts_foc_0005005 ctc_dep_0000612 cts_eco_0003203 ctc_foc_0000620 ctc_foc_0002640 cts_foc_0005006 cts_eco_0003022 ctc_foc_0001014 cdn_foc_0008144 ctc_foc_0002622 cts_eco_0003127 cts_eco_0003933 cdn_foc_0007932 ctc_foc_0002315 cts_eco_0003778 cts_foc_0004118 ctc_fin_0002508 ctc_eco_0001638 cdn_eco_0000955 cdn_foc_0006425 cdn_eco_0001647 cdn_eco_0004005 ctc_foc_0003169 ctc_tec_0001602 cdn_eco_0003488 cdn_eco_0003886 cdn_eco_0000104 cts_eco_0003860 ctc_sto_0000743 ctc_fin_0002195 cdn_eco_0003174 cdn_eco_0003653 cdn_eco_0003776 ctc_foc_0002413 cts_eco_0001307 cts_eco_0003861 ctc_foc_0000860 cdn_foc_0007936 cts_foc_0004625 ctc_foc_0001553 cdn_foc_0008213 cts_eco_0003420 cts_foc_0004122 cts_foc_0004526 cts_eco_0003825 ctc_dep_0000677 ctc_foc_0002642 cts_foc_0003997 ctc_foc_0001425 ctc_foc_0003142 ctc_dep_0000215 cdn_eco_0003729 cdn_for_0000461 ctc_foc_0001948 
007,cdn_edu_0000099 cdn_soc_0002354 cts_soc_0002760 cts_soc_0002098 cts_soc_0002357 cts_soc_0002759 cts_pol_0001328 cdn_soc_0002417 cdn_soc_0004669 cts_soc_0002250 cts_soc_0003777 ctc_tec_0001177 cts_soc_0002249 cts_soc_0002419 cte_foc_0001355 cts_soc_0005565 cts_soc_0002103 ctc_tec_0000871 cts_pol_0001380 ctc_tec_0001217 cts_for_0001326 ctc_tec_0000623 ctc_esy_0000078 cts_soc_0003518 ctc_tec_0000655 cts_soc_0003880 cts_soc_0002935 cts_soc_0003808 cts_for_0000970 cts_soc_0003237 ctc_foc_0002689 cts_soc_0001983 cts_pol_0001061 ctc_tec_0000283 cts_for_0000684 cts_soc_0004526 cts_soc_0002761 cts_soc_0003559 cts_soc_0003560 cts_int_0002557 cdn_soc_0000050 ctc_dep_0000531 ctc_mnf_0002319 cts_soc_0002283 cts_soc_0002279 cts_for_0000971 cts_soc_0003032 cts_soc_0003024 cts_esy_0000174 ctc_dep_0000407 ctc_ser_0000941 ctc_ser_0000943 cts_soc_0003296 cts_pol_0001384 cts_soc_0003236 cts_soc_0003121 cts_soc_0003115 cts_esy_0000171 cdn_soc_0002136 cts_for_0001686 ctc_cgo_0001053 ctc_tec_0000473 cts_soc_0002782 ctc_dep_0000405 cte_foc_0002356 ctc_tec_0001160 ctc_dep_0000404 ctc_foc_0001001 ctc_foc_0002177 ctc_ser_0001219 cts_for_0001047 ctc_foc_0003327 cts_for_0000908 ctc_foc_0001002 cdn_soc_0004167 cts_for_0000387 ctc_tec_0000904 cts_for_0000678 cdn_soc_0003220 cts_foc_0005187 cte_esy_0000163 ctc_dep_0000406 ctc_foc_0003610 cts_eco_0000587 cts_soc_0003637 cdn_loc_0000110 ctc_dep_0000636 cts_soc_0000060 ctc_ser_0000942 ctc_dep_0000233 ctc_foc_0000703 cdn_eco_0001929 ctc_sto_0002115 cdn_foc_0008261 cts_chi_0002006 ctc_sto_0002301 ctc_foc_0001662 cts_soc_0003114 cdn_foc_0005324 cdn_ent_0000403 
008,cdn_foc_0001801 ctc_dep_0000877 cte_esy_0000216 cte_foc_0003271 cdn_eco_0002259 cts_soc_0000236 cts_eco_0004366 cdn_eco_0003365 cte_sto_0000423 cts_foc_0004593 cts_soc_0000046 cts_eco_0002609 cdn_soc_0003588 cts_eco_0000757 cts_soc_0000103 cts_eco_0003468 ctc_foc_0002477 cts_esy_0000557 cts_eco_0004330 cdn_soc_0005091 cdn_foc_0005157 cts_soc_0000102 cdn_foc_0007144 cdn_eco_0000118 cts_eco_0000130 cts_eco_0000128 cdn_eco_0003360 cts_eco_0000557 cts_for_0000852 cte_foc_0001168 cdn_soc_0004846 ctc_fin_0001033 cts_soc_0005822 ctc_foc_0002942 cte_foc_0001421 cdn_soc_0004843 ctc_eco_0000299 cts_eco_0000774 cdn_eco_0000650 cdn_soc_0003357 ctc_foc_0001304 ctc_foc_0000953 ctc_dep_0001512 cdn_eco_0003344 ctc_foc_0003255 cts_soc_0005821 cdn_chi_0001804 cts_eco_0004039 ctc_foc_0001494 cte_esy_0000232 ctc_chi_0000519 ctc_foc_0000632 cts_eco_0001970 cdn_foc_0006160 ctc_eco_0000466 cte_sto_0000295 cdn_eco_0000755 ctc_foc_0000231 ctc_eco_0000636 ctc_foc_0000103 cdn_soc_0003356 ctc_eco_0001377 cdn_eco_0003133 ctc_eco_0000311 cdn_chi_0001912 cts_eco_0000498 cts_eco_0002779 cdn_eco_0001579 ctc_foc_0003631 cdn_soc_0004897 cdn_eco_0002077 ctc_eco_0000773 ctc_foc_0001025 cts_eco_0004251 cdn_eco_0001878 ctc_chi_0000368 ctc_eco_0000547 cts_eco_0000005 cts_eco_0002620 cdn_eco_0000117 ctc_foc_0001438 ctc_foc_0002936 ctc_dep_0000443 cts_eco_0004323 ctc_chi_0001352 ctc_foc_0000117 ctc_chi_0000480 cdn_foc_0006184 cdn_for_0000019 cdn_eco_0002761 cts_eco_0004399 cts_eco_0000775 cts_eco_0000505 cdn_eco_0003471 ctc_eco_0000316 cdn_soc_0004665 ctc_foc_0002865 cdn_foc_0006155 ctc_sto_0006556 cts_int_0001087 
009,cdn_foc_0007786 cdn_foc_0005332 cdn_foc_0005306 cdn_foc_0005329 cdn_chi_0002158 cte_foc_0003506 cdn_foc_0004759 cdn_foc_0005314 cdn_foc_0005296 cdn_foc_0003964 cts_chi_0000697 cdn_foc_0005334 cte_foc_0003489 cdn_chi_0002126 cts_pol_0003077 cts_pol_0003066 cdn_for_0000633 ctc_foc_0003318 cts_foc_0005167 cts_pol_0003095 cdn_eco_0002904 cts_for_0001775 cdn_foc_0004810 ctc_dep_0001427 cts_foc_0005166 cts_foc_0005168 cts_pol_0001496 cts_int_0000261 cts_chi_0000209 cdn_foc_0005495 cdn_foc_0005586 ctc_dep_0000853 cdn_foc_0001173 cdn_foc_0006415 cts_foc_0004239 cdn_foc_0008408 cdn_foc_0001957 ctc_foc_0000521 cte_esy_0000042 cdn_foc_0005313 cts_foc_0000894 cdn_foc_0002479 cts_chi_0002391 cdn_chi_0002205 cdn_foc_0005331 cdn_foc_0003055 cte_foc_0002335 cdn_foc_0007860 cts_chi_0001340 cts_chi_0001881 cdn_foc_0007787 cdn_foc_0000371 cte_foc_0002849 cdn_foc_0007858 cdn_foc_0007861 cts_pol_0002555 cdn_foc_0002702 cts_pol_0003045 cdn_foc_0004187 cdn_chi_0001209 cts_chi_0002544 cts_art_0001303 cdn_foc_0005268 cts_pol_0001874 cts_chi_0001982 cts_foc_0000879 cdn_foc_0002417 cdn_foc_0003101 cdn_foc_0005477 ctc_ser_0000887 cts_chi_0001807 cdn_foc_0005229 cts_foc_0000902 cdn_foc_0006302 cts_chi_0000185 cts_foc_0004413 ctc_chi_0001871 cdn_foc_0002223 cdn_foc_0004598 cdn_foc_0001514 cts_eco_0001305 cdn_foc_0002982 cdn_foc_0004688 cdn_foc_0001189 cdn_foc_0003316 cdn_foc_0004710 cdn_foc_0005558 cte_foc_0000552 cdn_foc_0004494 cts_foc_0003090 cts_foc_0001064 cts_chi_0002670 cts_chi_0002364 cts_chi_0001628 cdn_foc_0004722 cdn_foc_0007784 cdn_chi_0000100 cdn_for_0000006 cts_pol_0002416 cdn_foc_0005602 
010,cdn_edu_0000502 cdn_edu_0000492 cdn_edu_0000771 cts_soc_0004008 cdn_soc_0000396 cdn_edu_0001007 cte_foc_0003117 cts_soc_0001128 cte_foc_0000630 cdn_soc_0001064 cts_soc_0004695 cdn_foc_0008075 cts_foc_0004458 cdn_soc_0001043 cdn_soc_0000105 cte_foc_0000058 cdn_foc_0001915 cdn_edu_0000893 cdn_foc_0004511 cdn_edu_0001168 cdn_soc_0000238 cdn_edu_0000323 cdn_soc_0000982 cdn_edu_0001006 cdn_soc_0000682 cts_soc_0006212 cdn_foc_0008072 cdn_edu_0000851 cts_soc_0002805 cdn_soc_0001005 cts_soc_0006272 cdn_soc_0001023 cts_soc_0004845 cdn_foc_0001969 cdn_edu_0001226 cdn_soc_0001103 cdn_edu_0000447 cdn_foc_0001814 cts_foc_0001948 cte_foc_0003116 cts_soc_0004801 cts_for_0000507 cdn_soc_0000929 cdn_edu_0000216 cdn_edu_0000788 cdn_soc_0000859 cte_foc_0001453 cdn_soc_0000898 cdn_edu_0000702 cts_soc_0001604 cts_for_0000530 cte_foc_0000747 cts_for_0000207 cdn_edu_0000143 cts_for_0000019 cts_soc_0001367 cdn_edu_0000576 cdn_soc_0001367 cdn_edu_0000917 cdn_edu_0001379 cdn_edu_0001388 cdn_edu_0000207 cdn_edu_0001183 cts_soc_0002342 cts_soc_0002303 cdn_edu_0000550 cts_soc_0002341 cts_esy_0000417 cdn_edu_0000992 cdn_edu_0001281 cts_soc_0001507 cts_for_0000254 cts_for_0001707 cts_for_0000401 cts_pol_0000958 cdn_soc_0000658 cdn_foc_0008071 cdn_edu_0001343 cdn_soc_0004772 cdn_edu_0000078 cdn_soc_0000175 cts_for_0000386 cts_soc_0001770 cts_soc_0000069 cts_soc_0003313 cdn_edu_0001108 cdn_soc_0000788 cts_soc_0006211 cts_for_0000011 cts_for_0000829 cts_soc_0001363 cts_for_0001708 cdn_soc_0001560 cts_foc_0001069 cts_soc_0002514 cts_soc_0005159 cts_foc_0001067 cdn_for_0000131 cdn_soc_0001455 cte_foc_0000967 
query_id,retrieved_docs
001,cdn_soc_0003955 cdn_soc_0002307 cts_for_0002010 cdn_soc_0004946 cts_for_0001093 cts_for_0002013 cte_foc_0000260 cdn_soc_0002219 cdn_loc_0001911 cts_for_0000202 cts_soc_0003580 cts_soc_0000801 cte_foc_0002798 cts_soc_0003030 cts_soc_0003259 cdn_soc_0000300 cts_for_0000925 cts_soc_0002336 cdn_soc_0004947 cdn_soc_0002385 cts_for_0000082 cts_esy_0000215 cts_for_0000180 cte_foc_0002784 cts_for_0001203 cdn_loc_0000300 cts_soc_0004817 cdn_ent_0000749 cte_foc_0003486 cte_foc_0001543 cts_for_0000288 cts_soc_0005595 cts_ent_0001002 cdn_eco_0002363 cts_ent_0000250 cdn_soc_0003603 cts_soc_0002209 cts_ent_0003437 cts_int_0000042 cts_int_0001842 cdn_ent_0000128 cts_ent_0000339 cdn_loc_0001540 cdn_soc_0002936 cdn_foc_0000166 cts_ent_0001662 cts_int_0002667 cdn_soc_0002442 cts_soc_0005891 cdn_soc_0002947 cdn_loc_0000097 cts_ent_0000064 cts_soc_0005821 cts_for_0001915 cts_soc_0005892 cte_foc_0001767 cdn_soc_0001745 cdn_foc_0005200 cdn_foc_0002002 cdn_loc_0001330 cdn_foc_0008251 cdn_soc_0004137 cdn_loc_0000780 cts_ent_0002596 cte_foc_0001485 cts_for_0001897 cdn_soc_0004651 cts_for_0000782 cdn_loc_0002114 cts_soc_0002332 cdn_loc_0000211 cts_art_0001157 cts_art_0000296 cts_art_0000993 cdn_foc_0003464 cdn_loc_0001921 cdn_soc_0004721 cdn_soc_0004433 cdn_soc_0004343 cdn_soc_0000965 cdn_loc_0000169 cdn_foc_0003636 cte_foc_0000558 cts_soc_0004812 cts_for_0000140 cdn_loc_0001667 cts_art_0001155 cdn_loc_0001741 ctc_ser_0000511 cdn_ent_0000068 cts_soc_0000132 ctc_sto_0006226 cdn_loc_0000389 cdn_soc_0004729 cdn_spo_0000386 cts_art_0001951 cdn_soc_0005143 cts_art_0001900 cts_soc_0005415 cdn_foc_0005034 
002,cdn_edu_0000554 cte_foc_0002373 cdn_edu_0001109 cdn_edu_0000415 cts_soc_0005792 cdn_edu_0001302 cte_foc_0003620 cdn_edu_0001267 cdn_edu_0001009 cts_soc_0005359 cdn_edu_0001104 cdn_edu_0000811 cdn_edu_0001372 cdn_edu_0001271 cdn_edu_0001154 cts_soc_0004597 cts_soc_0004922 cts_soc_0005003 cdn_edu_0000919 cdn_edu_0000914 cdn_edu_0001134 cdn_edu_0001143 cdn_edu_0000918 cdn_edu_0000978 cdn_edu_0001047 cdn_foc_0006364 cts_soc_0005356 cdn_edu_0001084 cts_soc_0004894 cdn_foc_0006362 cdn_edu_0001165 cdn_foc_0006366 cdn_soc_0001296 cdn_edu_0001270 cts_soc_0002755 cdn_edu_0001155 cdn_edu_0001319 cts_soc_0002187 cts_soc_0005004 cdn_edu_0000220 cdn_soc_0001411 cte_foc_0003432 cts_art_0001460 cdn_edu_0001015 cdn_edu_0000755 cts_soc_0005514 cte_foc_0003425 cdn_soc_0000493 cts_for_0001216 cdn_edu_0001214 cdn_soc_0001230 cts_for_0000392 cts_soc_0004895 cdn_loc_0001326 cdn_edu_0000447 cdn_edu_0000512 cdn_edu_0001259 cts_for_0001215 cte_foc_0000156 cdn_soc_0000961 cdn_edu_0001320 cts_soc_0005120 cts_soc_0004035 cts_art_0001496 cdn_soc_0001695 cdn_edu_0001080 cdn_edu_0001105 cts_soc_0002342 cte_foc_0003482 cdn_edu_0001197 cts_soc_0006066 cdn_edu_0000928 cdn_edu_0001253 cts_for_0001821 cts_for_0000427 cdn_soc_0000016 cts_soc_0006228 cdn_soc_0001382 cdn_edu_0000583 cdn_edu_0001163 cts_for_0000568 cdn_for_0000132 cdn_edu_0000742 cts_soc_0005535 cdn_soc_0000062 cts_soc_0002244 cdn_soc_0000320 cts_for_0001217 cts_for_0000408 cdn_soc_0000898 cdn_edu_0000759 cdn_soc_0003408 cts_soc_0004695 cdn_soc_0000639 cte_foc_0001019 cdn_loc_0000407 cdn_soc_0000682 cts_soc_0004008 cdn_edu_0000904 cdn_edu_0000492 
003,cts_soc_0000597 cdn_foc_0008637 cts_soc_0000287 cdn_soc_0002194 cdn_foc_0008638 cts_soc_0000269 cdn_soc_0004042 cts_soc_0000417 cdn_soc_0000013 cdn_loc_0001324 cts_soc_0000418 cdn_loc_0001157 cdn_foc_0008635 cdn_soc_0004228 cdn_foc_0008636 cdn_soc_0003907 cts_soc_0000286 cts_for_0001706 cdn_foc_0000009 cts_soc_0002632 cts_soc_0000274 cdn_soc_0003614 cdn_soc_0001397 cdn_edu_0000507 cdn_soc_0001917 cdn_soc_0000015 cts_for_0000501 cts_soc_0005362 cts_for_0001271 cts_for_0001223 cdn_for_0000641 cdn_loc_0000587 cdn_soc_0001921 cdn_soc_0004043 cts_soc_0004898 cts_for_0000718 cte_foc_0001274 cdn_soc_0004620 cdn_soc_0003237 cdn_foc_0007530 cdn_eco_0001564 cts_ent_0000210 cdn_foc_0003959 cts_soc_0006095 cdn_foc_0007350 cts_soc_0002734 cts_soc_0001032 cdn_soc_0004775 cdn_loc_0000995 cts_soc_0005930 cdn_loc_0001741 cdn_foc_0000634 cdn_foc_0002544 cdn_foc_0002564 cdn_soc_0002909 cts_soc_0005691 cts_pol_0002432 cdn_soc_0001775 cdn_loc_0001711 cts_soc_0004084 cdn_soc_0004787 cdn_loc_0001105 cdn_soc_0001664 cts_soc_0004462 cdn_soc_0002246 cts_soc_0002781 cts_soc_0002588 cdn_soc_0000014 cdn_soc_0004721 cte_foc_0001221 cdn_soc_0001627 cts_foc_0000581 cts_foc_0002419 cdn_soc_0004909 ctc_dep_0000950 cts_soc_0000239 cdn_foc_0002966 cdn_foc_0005035 cdn_soc_0004002 cdn_soc_0003953 cdn_for_0000565 cdn_foc_0002586 cdn_for_0000263 cdn_eco_0000526 cts_art_0000311 cts_soc_0005897 cdn_foc_0002019 cdn_eco_0000135 cdn_loc_0000604 cdn_soc_0002446 cdn_foc_0002037 cts_pol_0000339 cdn_foc_0001783 cdn_foc_0002264 cts_soc_0004088 cts_foc_0002623 ctc_esy_0000058 cts_foc_0001319 cdn_foc_0007364 cts_soc_0002352 
004,cts_chi_0002306 cdn_chi_0001993 ctc_chi_0001731 cts_chi_0002234 ctc_chi_0001730 cts_ent_0001940 cdn_eco_0002860 cdn_ent_0000534 cts_chi_0002315 cts_chi_0002329 cts_ent_0003686 cdn_spo_0001254 ctc_chi_0001695 cts_ent_0001585 cts_ent_0003347 ctc_ser_0000158 cts_ent_0002547 ctc_chi_0001603 cts_ent_0000111 ctc_chi_0001199 ctc_chi_0001864 cdn_ent_0000547 cts_ent_0000152 cts_ent_0000308 cts_ent_0002947 cts_ent_0002811 cts_ent_0001537 cts_ent_0000506 cdn_eco_0003314 cts_soc_0005749 cts_ent_0003609 cts_eco_0001889 cts_chi_0002662 cdn_chi_0001120 cts_chi_0001714 cts_pol_0000718 cts_ent_0002473 ctc_dep_0001407 cts_chi_0001889 cdn_chi_0000043 cdn_loc_0001005 cdn_loc_0001013 cts_art_0000151 ctc_eco_0000164 cts_chi_0002668 cdn_chi_0000207 cts_int_0002718 cdn_chi_0000428 cts_chi_0002618 cts_ent_0002272 cdn_chi_0001932 cts_chi_0001379 cts_ent_0002495 cts_foc_0005257 cts_chi_0000343 cts_chi_0000337 cts_ent_0000499 cdn_eco_0002705 ctc_ser_0000276 cts_ent_0000359 cts_chi_0000429 cts_chi_0002688 cts_soc_0001212 cdn_spo_0000335 ctc_foc_0000239 cts_chi_0000221 cts_chi_0000224 cts_chi_0000117 ctc_dep_0000043 cdn_chi_0001892 cts_art_0000598 ctc_foc_0000558 cdn_chi_0000096 cts_chi_0002419 cdn_soc_0001930 ctc_sto_0001376 cts_chi_0002710 cdn_chi_0000090 cdn_chi_0000297 cdn_chi_0002261 cts_ent_0002011 cdn_chi_0000381 ctc_chi_0000523 ctc_chi_0000548 cts_art_0001673 cts_chi_0000374 cts_ent_0000761 cts_pol_0000689 cdn_soc_0003483 ctc_chi_0000324 ctc_cgo_0000705 ctc_chi_0000397 cts_chi_0000300 cts_chi_0000157 cts_chi_0000641 ctc_ser_0000421 cdn_chi_0000502 cdn_foc_0008032 cts_ent_0001315 cts_art_0000154 
005,cdn_soc_0003177 cdn_loc_0002169 cdn_soc_0004797 cts_soc_0003601 cdn_loc_0001006 cdn_loc_0000998 cdn_soc_0004796 cdn_soc_0003178 cdn_loc_0001127 cts_soc_0004839 cdn_soc_0004137 cts_soc_0005710 cts_soc_0005709 cdn_loc_0001964 cdn_loc_0001472 cdn_loc_0001956 cts_for_0002122 cdn_loc_0000943 cts_soc_0000396 cdn_loc_0002176 cdn_loc_0001089 cdn_loc_0001523 cdn_loc_0001218 cdn_loc_0000494 cdn_loc_0001133 cdn_loc_0000250 cdn_loc_0000590 cdn_loc_0000813 cdn_loc_0001404 cdn_loc_0001758 cdn_loc_0001338 cts_soc_0002304 cdn_loc_0000306 cdn_soc_0002947 cte_foc_0000727 cdn_loc_0002018 cdn_loc_0002203 cts_soc_0002235 cdn_loc_0000931 cdn_loc_0000849 cdn_loc_0000097 ctc_ser_0000534 cts_soc_0003254 cdn_loc_0000307 cdn_loc_0001953 cdn_loc_0000539 cts_soc_0000464 cdn_loc_0002048 cdn_loc_0000295 cdn_soc_0003453 cdn_soc_0000098 cdn_loc_0000767 cdn_loc_0001383 cdn_foc_0004373 ctc_dep_0000114 cdn_loc_0001134 cdn_loc_0002085 cts_soc_0002305 cdn_foc_0005120 ctc_ser_0000495 cdn_eco_0001771 cdn_loc_0000116 cdn_loc_0000607 cdn_loc_0002038 cdn_loc_0001457 cdn_edu_0000321 cdn_loc_0000793 cdn_loc_0002037 cdn_loc_0000178 cdn_loc_0000641 cdn_loc_0001194 cdn_loc_0001578 cdn_loc_0001747 cdn_loc_0001674 cdn_loc_0000697 cdn_loc_0001505 cdn_loc_0000665 cdn_loc_0001213 cdn_loc_0001459 cdn_loc_0002193 cdn_loc_0001792 cdn_loc_0002023 cdn_loc_0000002 cdn_loc_0001741 cdn_loc_0002252 cdn_loc_0001532 cte_foc_0003473 cdn_ent_0000892 cdn_loc_0000461 cdn_loc_0000887 cdn_loc_0001680 cts_soc_0001027 cdn_loc_0000824 cdn_loc_0001179 cdn_soc_0001806 cdn_edu_0001402 cdn_loc_0000586 ctc_cgo_0000317 ctc_cgo_0000318 ctc_mnf_0001762 
006,cdn_foc_0004860 cts_foc_0004652 cdn_eco_0003578 ctc_foc_0003504 cdn_eco_0004043 cdn_eco_0003084 cdn_foc_0005119 cdn_eco_0003475 ctc_dep_0001299 cts_eco_0003578 cts_foc_0003666 cdn_eco_0001201 cts_eco_0002928 ctc_foc_0003252 cte_foc_0003316 ctc_foc_0003285 ctc_foc_0000160 ctc_foc_0001004 ctc_foc_0003007 cdn_eco_0003720 ctc_fin_0002731 ctc_foc_0001334 ctc_foc_0003638 ctc_foc_0001013 cts_eco_0001645 ctc_dep_0000863 ctc_foc_0003257 cts_foc_0004117 cts_eco_0003859 ctc_dep_0001397 cdn_eco_0003163 cts_eco_0001358 cdn_foc_0007931 cdn_eco_0000892 cts_foc_0004121 cdn_eco_0003686 cts_eco_0003396 ctc_fin_0000825 cdn_soc_0001759 cdn_foc_0007939 cts_foc_0005005 ctc_dep_0000676 cts_eco_0003203 cdn_foc_0008298 cts_eco_0003022 ctc_foc_0000620 cdn_foc_0004055 cdn_foc_0004104 cts_foc_0005006 ctc_foc_0002640 cts_eco_0003428 cdn_eco_0003717 ctc_foc_0002622 cdn_foc_0007932 cts_eco_0003127 cdn_eco_0004005 cdn_foc_0008144 ctc_foc_0001014 cts_eco_0003933 cdn_foc_0006425 cts_eco_0003778 ctc_dep_0000612 ctc_foc_0002315 ctc_fin_0002508 cdn_eco_0003653 cts_eco_0003860 ctc_foc_0002413 ctc_tec_0001602 cdn_eco_0003488 cdn_eco_0003174 cts_foc_0004122 cdn_eco_0003886 cts_foc_0004118 cdn_eco_0001647 cdn_eco_0003776 cdn_eco_0000955 ctc_foc_0000860 ctc_foc_0003169 ctc_dep_0000677 cts_eco_0003420 cdn_foc_0007936 ctc_eco_0001638 ctc_fin_0002195 cdn_foc_0008213 cts_eco_0003861 ctc_foc_0001425 cts_eco_0003825 cdn_for_0000461 ctc_foc_0001553 cts_foc_0004625 cts_eco_0003093 cdn_eco_0000104 cts_foc_0004526 cts_eco_0003686 ctc_sto_0000743 ctc_sto_0001134 cdn_eco_0000221 cdn_eco_0003736 cdn_eco_0003729 cts_eco_0001307 
007,cdn_edu_0000099 cdn_soc_0002354 cts_soc_0002760 cts_soc_0002357 cts_soc_0002098 cts_soc_0002759 cdn_soc_0002417 cts_pol_0001328 cts_soc_0002249 cdn_soc_0004669 cts_soc_0003777 ctc_tec_0001177 cts_soc_0002419 cts_soc_0002250 cts_soc_0005565 cte_foc_0001355 cts_soc_0002103 ctc_tec_0000871 cts_pol_0001380 ctc_tec_0000623 ctc_tec_0001217 ctc_esy_0000078 ctc_tec_0000655 cts_soc_0003880 cts_for_0001326 cts_soc_0003518 cts_soc_0002935 cts_soc_0003237 cts_for_0000970 cts_pol_0001061 cts_for_0000684 cts_soc_0003808 ctc_tec_0000283 ctc_foc_0002689 cts_soc_0004526 cts_soc_0001983 cts_soc_0002761 cts_soc_0003559 cts_soc_0003560 cts_soc_0002283 ctc_dep_0000531 cts_soc_0002279 cdn_soc_0000050 cts_int_0002557 ctc_dep_0000407 cts_soc_0003236 cts_for_0000971 cts_soc_0003032 ctc_ser_0000943 cts_pol_0001384 cts_for_0001686 cts_soc_0003024 cts_esy_0000171 cts_soc_0003296 ctc_ser_0000941 cts_esy_0000174 ctc_dep_0000405 ctc_mnf_0002319 ctc_tec_0001160 cts_soc_0003121 cts_soc_0003115 ctc_cgo_0001053 cdn_soc_0002136 cte_foc_0002356 cts_soc_0002782 ctc_tec_0000473 ctc_foc_0002177 ctc_foc_0001001 ctc_ser_0001219 ctc_dep_0000404 cts_for_0001047 ctc_foc_0001002 ctc_foc_0003327 cdn_soc_0004167 cts_for_0000908 cdn_soc_0003220 cts_for_0000387 ctc_dep_0000233 ctc_ser_0000942 ctc_foc_0003610 ctc_dep_0000406 cdn_eco_0001929 cts_for_0000678 ctc_foc_0000703 ctc_tec_0000904 ctc_dep_0000636 ctc_foc_0001662 cts_eco_0000587 cte_esy_0000163 cdn_loc_0000110 cdn_foc_0008261 ctc_sto_0002301 cts_foc_0005187 cts_soc_0003637 cts_soc_0003114 ctc_sto_0002115 cdn_soc_0003916 ctc_tec_0001178 cts_soc_0000060 cdn_ent_0000403 
008,cdn_foc_0001801 ctc_dep_0000877 cte_foc_0003271 cte_esy_0000216 cts_soc_0000236 cts_eco_0004366 cdn_eco_0002259 cdn_eco_0003365 cte_sto_0000423 cts_soc_0000046 cdn_soc_0003588 cts_foc_0004593 cts_soc_0000103 cts_eco_0002609 cts_eco_0003468 cts_esy_0000557 cts_eco_0000757 cts_eco_0004330 ctc_foc_0002477 cts_soc_0000102 cdn_foc_0005157 cdn_soc_0005091 cts_eco_0000557 cdn_foc_0007144 cdn_eco_0000118 cts_eco_0000130 cts_eco_0000128 cdn_eco_0003360 cdn_soc_0004846 cte_foc_0001168 cts_for_0000852 cts_soc_0005822 ctc_foc_0002942 cdn_soc_0003357 cdn_soc_0004843 ctc_eco_0000299 cts_eco_0000774 ctc_fin_0001033 cdn_eco_0003344 cdn_eco_0000650 ctc_dep_0001512 ctc_foc_0001304 cte_foc_0001421 ctc_foc_0000953 cts_eco_0004039 ctc_foc_0000632 ctc_foc_0001494 ctc_foc_0003255 cdn_chi_0001804 ctc_chi_0000519 cts_soc_0005821 cdn_eco_0000755 cts_eco_0001970 ctc_foc_0000231 cdn_foc_0006160 ctc_eco_0000773 ctc_foc_0003631 ctc_eco_0000466 ctc_foc_0000103 cdn_soc_0003356 cdn_eco_0002077 cdn_eco_0003133 cte_sto_0000295 cte_esy_0000232 cdn_eco_0000117 cts_eco_0002779 cdn_eco_0001579 ctc_foc_0003409 cdn_chi_0001912 cdn_eco_0001878 cts_eco_0000498 ctc_eco_0000311 ctc_chi_0001352 ctc_eco_0001377 cdn_soc_0004897 cts_eco_0000505 cts_eco_0000005 cts_eco_0004323 cdn_soc_0004665 cts_eco_0004251 ctc_foc_0001368 ctc_eco_0000636 cts_eco_0000775 cdn_eco_0001254 ctc_dep_0000872 ctc_foc_0002599 ctc_foc_0001025 ctc_sto_0006556 ctc_foc_0001438 cdn_foc_0006155 ctc_foc_0002936 ctc_chi_0000480 cts_int_0001087 cdn_eco_0003471 ctc_chi_0000368 ctc_foc_0002865 ctc_eco_0000547 cdn_eco_0002421 cts_eco_0001607 ctc_foc_0000497 
009,cdn_foc_0007786 cdn_foc_0005332 cdn_foc_0005329 cdn_chi_0002158 cdn_foc_0005306 cdn_foc_0004759 cte_foc_0003506 cdn_foc_0005314 cdn_foc_0005296 cdn_chi_0002126 cte_foc_0003489 cts_pol_0003077 cdn_for_0000633 cdn_foc_0003964 ctc_foc_0003318 cdn_foc_0005334 cts_chi_0000697 cts_pol_0003066 cts_foc_0005167 cts_pol_0003095 cdn_eco_0002904 ctc_dep_0001427 cts_foc_0005168 cts_for_0001775 cdn_foc_0004810 cts_chi_0000209 cts_pol_0001496 cdn_foc_0005586 cts_int_0000261 cts_foc_0005166 ctc_dep_0000853 cts_foc_0004239 cdn_foc_0005495 cdn_foc_0008408 cdn_foc_0006415 cdn_chi_0002205 cts_chi_0001881 ctc_foc_0000521 cdn_foc_0005331 cdn_foc_0003055 cts_foc_0000894 cdn_foc_0007787 cdn_foc_0005313 cdn_foc_0001957 cdn_foc_0001173 cts_chi_0002391 cts_chi_0001340 cdn_foc_0007858 cte_esy_0000042 cdn_foc_0005229 cte_foc_0002849 cdn_foc_0002479 cdn_foc_0005268 cdn_foc_0007860 ctc_chi_0001871 cdn_foc_0001514 cts_pol_0003045 cdn_foc_0007861 cdn_foc_0002417 cdn_foc_0000371 cdn_foc_0004187 cdn_foc_0006302 cte_foc_0002335 cdn_foc_0003101 cts_eco_0001305 cts_pol_0002555 cts_pol_0001874 cdn_foc_0005558 cts_chi_0001982 cdn_foc_0001189 cdn_foc_0005477 cts_chi_0002364 cts_foc_0000879 cts_art_0001303 cdn_chi_0001209 cdn_foc_0005602 cte_foc_0000552 cdn_foc_0004722 cdn_foc_0003316 cdn_foc_0004688 cts_foc_0004413 cdn_foc_0002982 cdn_foc_0002702 cts_chi_0002544 cdn_foc_0002223 cts_chi_0000185 cdn_foc_0004494 cdn_chi_0000100 cdn_foc_0007784 cts_chi_0002670 cts_foc_0000902 cdn_for_0000272 cdn_for_0000006 cdn_for_0000651 cts_chi_0001628 cts_foc_0001064 cts_foc_0003090 ctc_ser_0000887 cts_chi_0001807 cdn_foc_0004710 
010,cdn_edu_0000492 cdn_edu_0000502 cts_soc_0004008 cdn_edu_0000771 cdn_edu_0001007 cte_foc_0003117 cdn_soc_0000396 cts_soc_0001128 cte_foc_0000630 cdn_foc_0008075 cdn_soc_0001064 cts_foc_0004458 cts_soc_0004695 cdn_soc_0000105 cdn_soc_0001043 cte_foc_0000058 cdn_soc_0000238 cdn_edu_0001168 cdn_foc_0001915 cdn_edu_0000893 cdn_foc_0004511 cdn_soc_0000982 cdn_edu_0000323 cdn_edu_0001006 cdn_edu_0000851 cts_soc_0006212 cdn_foc_0008072 cdn_soc_0000682 cdn_soc_0001005 cts_soc_0006272 cts_soc_0002805 cdn_soc_0001023 cts_soc_0004845 cdn_foc_0001969 cte_foc_0003116 cdn_soc_0001103 cte_foc_0001453 cdn_edu_0001226 cdn_foc_0001814 cts_soc_0004801 cdn_edu_0000216 cdn_soc_0000859 cts_foc_0001948 cdn_edu_0000788 cts_soc_0001604 cdn_soc_0000929 cdn_soc_0000898 cts_for_0000507 cdn_edu_0000702 cdn_edu_0000447 cte_foc_0000747 cts_for_0000019 cts_for_0000530 cdn_edu_0000207 cts_for_0000207 cdn_soc_0001367 cts_soc_0002303 cdn_edu_0001379 cdn_edu_0000143 cdn_edu_0000576 cts_soc_0001367 cdn_edu_0001183 cdn_edu_0001388 cts_soc_0002342 cdn_edu_0000550 cdn_edu_0001281 cdn_edu_0000992 cts_esy_0000417 cdn_edu_0000917 cts_soc_0002341 cts_soc_0001507 cts_pol_0000958 cts_for_0001707 cts_for_0000386 cdn_soc_0004772 cdn_edu_0001343 cts_for_0000011 cts_for_0000401 cts_for_0000254 cdn_soc_0000658 cts_soc_0000069 cdn_foc_0008071 cdn_soc_0000175 cts_soc_0001770 cdn_edu_0000078 cdn_soc_0000788 cts_soc_0003313 cdn_edu_0001108 cts_foc_0001069 cts_soc_0006211 cdn_soc_0001560 cts_soc_0001363 cdn_soc_0001455 cts_foc_0001067 cts_soc_0002514 cdn_for_0000131 cts_for_0000829 cts_soc_0005159 cts_for_0001708 cts_foc_0000112 
query_id,retrieved_docs
001,cdn_soc_0003955 cdn_soc_0002307 cts_for_0002013 cts_for_0001093 cts_for_0002010 cdn_soc_0004946 cte_foc_0000260 cts_for_0000202 cte_foc_0002798 cdn_loc_0001911 cts_for_0000925 cts_soc_0003259 cts_soc_0003030 cts_soc_0003580 cdn_soc_0000300 cdn_soc_0002219 cts_soc_0000801 cts_soc_0002336 cdn_soc_0002385 cdn_soc_0004947 cdn_loc_0000300 cte_foc_0002784 cts_for_0001203 cts_esy_0000215 cts_for_0000180 cts_for_0000082 cts_soc_0004817 cte_foc_0001543 cte_foc_0003486 cts_soc_0005595 cts_for_0000288 cdn_ent_0000749 cts_ent_0001002 cdn_eco_0002363 cts_soc_0002209 cts_int_0000042 cdn_soc_0003603 cts_int_0001842 cdn_ent_0000128 cts_ent_0001662 cts_ent_0000250 cts_ent_0003437 cdn_soc_0002947 cdn_loc_0001540 cts_soc_0005891 cdn_foc_0000166 cts_for_0001915 cdn_soc_0001745 cts_int_0002667 cdn_soc_0002936 cts_soc_0005821 cts_soc_0005892 cdn_soc_0004137 cts_ent_0002596 cte_foc_0001485 cts_ent_0000339 cdn_ent_0000068 cts_ent_0000064 cdn_soc_0004721 cdn_soc_0002442 cts_for_0001897 cts_soc_0002332 cte_foc_0000558 cdn_soc_0004651 cdn_loc_0000211 cdn_loc_0001921 cdn_loc_0000780 cdn_loc_0000097 cdn_foc_0002002 cdn_soc_0004433 cte_foc_0001767 cts_for_0000140 cdn_soc_0000965 cts_for_0000782 cdn_foc_0005200 cts_esy_0000128 cdn_loc_0001330 cdn_foc_0003636 cts_art_0001157 cts_art_0000993 cdn_loc_0002114 cdn_foc_0003464 cdn_soc_0004343 cts_art_0001951 cdn_loc_0000389 cts_ent_0000196 ctc_ser_0000511 cdn_loc_0000169 cts_soc_0000132 cts_art_0000296 cdn_foc_0005034 cts_pol_0002193 cdn_soc_0004729 cts_art_0001900 cdn_foc_0008251 cdn_spo_0000386 cts_soc_0004812 cdn_loc_0000931 cts_foc_0005252 cts_soc_0005893 
002,cte_foc_0002373 cdn_edu_0000415 cdn_edu_0001109 cdn_edu_0001302 cdn_edu_0000554 cts_soc_0005792 cdn_edu_0001104 cdn_edu_0001267 cdn_edu_0001009 cts_soc_0004597 cts_soc_0004922 cts_soc_0005359 cdn_edu_0001271 cdn_edu_0001154 cdn_edu_0000914 cdn_edu_0001047 cdn_edu_0000918 cdn_edu_0000811 cdn_edu_0001372 cdn_edu_0000919 cts_soc_0005003 cdn_edu_0000978 cte_foc_0003620 cts_soc_0005356 cts_soc_0004894 cdn_edu_0001084 cdn_edu_0001143 cdn_foc_0006366 cdn_foc_0006362 cts_soc_0002755 cdn_foc_0006364 cts_soc_0005004 cdn_edu_0001134 cdn_edu_0001319 cdn_edu_0001155 cdn_edu_0001270 cts_soc_0002187 cdn_edu_0001165 cdn_edu_0000220 cts_art_0001460 cdn_soc_0001411 cte_foc_0003425 cts_for_0001216 cdn_edu_0001214 cdn_edu_0000755 cdn_soc_0001296 cte_foc_0003432 cdn_edu_0001259 cts_soc_0005514 cdn_edu_0000512 cts_for_0000392 cts_soc_0004895 cdn_loc_0001326 cdn_soc_0000493 cts_soc_0004035 cts_for_0001215 cdn_soc_0001230 cdn_edu_0001320 cts_art_0001496 cdn_for_0000132 cdn_edu_0001015 cdn_edu_0001197 cts_soc_0002342 cdn_soc_0000961 cts_soc_0006066 cts_soc_0005120 cts_for_0001821 cts_soc_0005535 cdn_edu_0000583 cdn_edu_0001105 cdn_soc_0001695 cts_for_0000408 cdn_edu_0001253 cdn_edu_0000447 cdn_edu_0000928 cts_for_0001217 cdn_soc_0001382 cte_foc_0000156 cdn_edu_0001163 cts_for_0000568 cts_soc_0006228 cts_soc_0002244 cte_foc_0003482 cdn_soc_0000320 cdn_soc_0000898 cdn_edu_0001080 cts_for_0000427 cdn_edu_0000742 cte_foc_0001019 cdn_foc_0007510 cts_foc_0002014 cts_pol_0001186 cts_soc_0005402 cdn_soc_0000639 cts_soc_0004695 cdn_soc_0000016 cdn_soc_0000682 cdn_edu_0000502 cdn_edu_0000492 cdn_edu_0000337 
003,cts_soc_0000597 cdn_soc_0000013 cts_soc_0000417 cdn_foc_0008637 cts_soc_0000269 cdn_soc_0004042 cts_soc_0000287 cdn_foc_0008635 cts_soc_0000286 cdn_soc_0002194 cts_soc_0000418 cdn_soc_0004228 cdn_soc_0003907 cdn_loc_0001157 cts_for_0001706 cdn_foc_0000009 cdn_foc_0008636 cdn_foc_0008638 cdn_soc_0000015 cts_soc_0000274 cdn_loc_0001324 cts_soc_0002632 cdn_soc_0003614 cdn_for_0000641 cdn_soc_0001917 cdn_soc_0001397 cts_for_0000501 cts_soc_0004898 cts_for_0001271 cdn_loc_0000587 cts_soc_0005362 cdn_edu_0000507 cdn_soc_0004043 cdn_soc_0003237 cte_foc_0001274 cts_for_0000718 cts_for_0001223 cdn_foc_0007530 cts_soc_0002734 cdn_eco_0001564 cdn_soc_0004620 cts_soc_0005930 cdn_soc_0004775 cts_soc_0001032 cdn_foc_0007350 cdn_foc_0003959 cts_soc_0004084 cts_soc_0005691 cts_foc_0000581 cdn_soc_0001775 cdn_loc_0000995 cdn_foc_0005035 cdn_soc_0001627 cts_pol_0002432 cts_soc_0000239 cdn_soc_0004721 cdn_soc_0000014 cts_soc_0002781 cdn_soc_0002909 cdn_loc_0001741 cdn_foc_0002544 cdn_foc_0002564 cdn_for_0000263 cdn_loc_0001711 cts_soc_0006095 cdn_for_0000565 cts_soc_0004462 cts_soc_0002588 cdn_soc_0004909 cts_ent_0000210 ctc_esy_0000058 cdn_soc_0002246 cdn_soc_0004787 ctc_dep_0000950 cdn_soc_0004002 cdn_soc_0002446 cdn_foc_0000634 cte_foc_0001221 cdn_soc_0001664 cdn_loc_0001105 cts_foc_0002419 cts_art_0000311 cdn_soc_0003953 cdn_foc_0002966 cdn_soc_0001921 cts_pol_0000339 cts_soc_0005897 cdn_foc_0002019 cts_foc_0001319 cts_soc_0002352 cts_ent_0000316 cdn_foc_0002264 cte_foc_0002779 cdn_foc_0002037 cdn_foc_0007364 cdn_foc_0002586 cts_soc_0000094 cdn_eco_0000526 cdn_foc_0001374 cts_for_0000957 
004,cts_chi_0002306 cdn_chi_0001993 ctc_chi_0001731 cts_chi_0002234 ctc_chi_0001730 cts_chi_0002329 cts_ent_0001940 cts_chi_0002315 cdn_ent_0000534 cdn_eco_0002860 ctc_chi_0001695 cts_ent_0003686 ctc_chi_0001603 cts_ent_0003347 ctc_chi_0001199 cdn_spo_0001254 cts_ent_0000111 ctc_chi_0001864 cts_ent_0001585 ctc_ser_0000158 cts_ent_0000152 cts_ent_0000308 cts_ent_0002947 cts_soc_0005749 cts_ent_0002811 cdn_ent_0000547 cts_ent_0000506 cts_ent_0002547 ctc_dep_0001407 cdn_eco_0003314 cts_ent_0003609 cts_eco_0001889 cts_ent_0001537 ctc_eco_0000164 ctc_foc_0000239 cdn_loc_0001013 cdn_loc_0001005 cts_chi_0001379 cts_art_0000151 cts_chi_0001714 ctc_ser_0000276 cts_pol_0000718 cts_ent_0002495 cts_chi_0002662 cts_foc_0005257 ctc_dep_0000043 cts_chi_0002618 cdn_chi_0000428 cts_chi_0002668 cts_chi_0001889 cts_ent_0000761 cts_chi_0000337 cts_ent_0002473 cts_chi_0002688 cts_chi_0000224 cts_chi_0000221 cdn_chi_0001120 cts_chi_0000300 cdn_chi_0002261 cts_ent_0002272 ctc_foc_0000558 ctc_ser_0000421 cts_pol_0000689 cts_art_0001673 cts_chi_0000157 cts_ent_0000499 cts_chi_0000343 cdn_chi_0000381 cdn_chi_0000297 cts_ent_0000359 cdn_chi_0000096 cts_chi_0000429 cts_soc_0001212 ctc_chi_0000397 cdn_spo_0000335 cdn_chi_0001892 cdn_ent_0000246 cts_chi_0000117 cts_art_0000598 cts_chi_0002599 cdn_chi_0000043 ctc_ser_0001237 cdn_chi_0000207 cts_chi_0002710 ctc_sto_0001376 cdn_foc_0008032 ctc_chi_0000548 cts_ent_0002011 cts_chi_0000053 cdn_chi_0001932 cts_ent_0001315 cdn_chi_0001836 cdn_chi_0000502 cdn_soc_0003483 cts_for_0000327 cdn_eco_0002522 cdn_chi_0000735 ctc_chi_0000523 cts_chi_0002419 cdn_chi_0000090 
005,cdn_soc_0004796 cts_soc_0003601 cdn_loc_0001006 cdn_loc_0000998 cdn_loc_0002169 cdn_soc_0004797 cdn_soc_0003177 cdn_loc_0001127 cts_soc_0004839 cdn_soc_0004137 cdn_soc_0003178 cts_soc_0005710 cts_soc_0005709 cts_for_0002122 cdn_loc_0001956 cdn_loc_0001472 cdn_loc_0000943 cts_soc_0000396 cdn_loc_0001964 cdn_loc_0002176 cdn_loc_0000494 cdn_loc_0001523 cdn_loc_0001218 cdn_loc_0001089 cdn_loc_0000250 cdn_loc_0001133 cts_soc_0002235 cdn_loc_0000590 cdn_soc_0002947 cdn_loc_0001404 cts_soc_0002304 cdn_loc_0001758 cdn_loc_0001338 cte_foc_0000727 cdn_loc_0000931 cdn_loc_0000813 ctc_ser_0000534 cts_soc_0003254 cdn_loc_0000306 cdn_loc_0002018 cts_soc_0000464 cdn_loc_0002048 cdn_loc_0002203 cdn_loc_0000849 cdn_loc_0000295 cdn_loc_0000097 cdn_loc_0001953 cdn_loc_0000539 cdn_loc_0001383 cdn_loc_0000767 cdn_foc_0005120 cdn_eco_0001771 cdn_loc_0000307 ctc_dep_0000114 cdn_soc_0000098 cdn_soc_0003453 cdn_loc_0002085 cts_soc_0002305 cdn_loc_0001134 cdn_loc_0002023 cdn_loc_0000793 ctc_ser_0000495 cdn_loc_0001747 cdn_loc_0002038 cdn_foc_0004373 cdn_loc_0000607 cdn_loc_0000116 cdn_edu_0000321 cdn_loc_0000178 cdn_loc_0001457 cdn_loc_0002193 cte_foc_0003473 cdn_loc_0000586 cdn_loc_0000461 cdn_loc_0000665 cts_pol_0003166 cdn_loc_0001505 cdn_loc_0000697 cdn_loc_0001194 cte_foc_0002243 cdn_loc_0002037 ctc_cgo_0000318 ctc_cgo_0000317 cdn_loc_0001680 cdn_loc_0001792 cdn_loc_0001213 cdn_loc_0001578 cdn_soc_0001806 cdn_loc_0000824 cdn_loc_0001532 ctc_mnf_0001762 ctc_cgo_0000674 cdn_loc_0000641 cdn_loc_0002252 cts_soc_0001027 cdn_loc_0001674 cts_soc_0002597 cdn_loc_0001741 cts_soc_0004822 cdn_loc_0001179 
006,cdn_foc_0004860 cts_foc_0004652 cdn_eco_0003578 ctc_foc_0003504 cts_eco_0003578 ctc_dep_0001299 cdn_eco_0003475 cdn_eco_0001201 cts_eco_0002928 cts_foc_0003666 ctc_foc_0003007 cdn_eco_0004043 cdn_eco_0003084 cdn_foc_0005119 cdn_eco_0003720 ctc_foc_0000160 ctc_fin_0002731 cte_foc_0003316 ctc_foc_0001334 ctc_foc_0003252 ctc_foc_0003285 ctc_foc_0001004 cts_eco_0001645 ctc_foc_0003638 ctc_dep_0000863 ctc_foc_0001013 cts_eco_0003396 ctc_dep_0001397 cdn_foc_0007931 cts_foc_0004117 ctc_foc_0003257 ctc_fin_0000825 cts_foc_0004121 cts_eco_0001358 cdn_eco_0003163 ctc_foc_0000620 cts_eco_0003022 cts_eco_0003859 cts_foc_0005005 cdn_eco_0000892 cdn_foc_0007932 cts_eco_0003203 cts_foc_0005006 cdn_foc_0008298 ctc_foc_0002622 cdn_foc_0007939 cts_eco_0003127 cdn_foc_0008144 cts_foc_0004122 cts_eco_0003428 cts_eco_0003933 cdn_eco_0003686 ctc_foc_0002315 cdn_eco_0003488 cdn_eco_0003653 ctc_foc_0001014 cdn_eco_0003717 cts_eco_0003778 cdn_foc_0004104 cdn_foc_0004055 ctc_foc_0002413 cdn_foc_0007936 ctc_dep_0000677 ctc_dep_0000676 cdn_foc_0006425 cdn_eco_0003174 cdn_soc_0001759 cdn_for_0000461 ctc_foc_0002640 ctc_dep_0000612 cts_eco_0003093 cts_eco_0003860 cdn_eco_0003776 ctc_fin_0002508 ctc_foc_0000860 cdn_eco_0003886 cts_eco_0003802 cts_eco_0003420 cdn_eco_0004005 cdn_eco_0001647 ctc_tec_0001602 ctc_foc_0001425 cdn_eco_0003729 ctc_foc_0003169 cts_for_0000598 ctc_esy_0000201 cts_eco_0003825 ctc_fin_0002195 cts_eco_0003861 ctc_foc_0001553 ctc_dep_0000215 cdn_eco_0000955 ctc_esy_0000057 cts_eco_0003686 cdn_eco_0000221 ctc_esy_0000233 cdn_foc_0008213 ctc_esy_0000190 cts_foc_0004625 ctc_foc_0002614 
007,cts_soc_0002760 cdn_soc_0002354 cts_soc_0002759 cts_soc_0002357 cts_soc_0002098 cdn_edu_0000099 cts_pol_0001328 cts_soc_0002249 cts_soc_0003777 cts_soc_0002250 ctc_tec_0001177 cdn_soc_0002417 cts_soc_0005565 ctc_esy_0000078 cts_soc_0002419 ctc_tec_0000871 cte_foc_0001355 cts_soc_0002103 cdn_soc_0004669 ctc_tec_0000623 cts_soc_0002935 cts_pol_0001380 cts_for_0000684 ctc_tec_0000655 cts_for_0000970 ctc_tec_0001217 cts_for_0001326 cts_soc_0003880 cts_soc_0003518 ctc_tec_0000283 cts_for_0000971 cts_pol_0001061 cts_soc_0003237 ctc_ser_0000943 cts_soc_0004526 cts_soc_0002761 cts_soc_0001983 ctc_dep_0000407 cts_esy_0000174 ctc_dep_0000531 cts_for_0001686 cts_soc_0002782 ctc_foc_0002689 cts_soc_0003560 cts_soc_0003559 cts_soc_0003808 cts_int_0002557 cts_soc_0003032 cts_soc_0002283 cts_soc_0002279 cts_soc_0003024 cts_pol_0001384 cts_soc_0003121 cts_soc_0003115 ctc_foc_0001001 cts_for_0001047 ctc_tec_0001160 cte_foc_0002356 ctc_dep_0000405 cts_soc_0003296 cts_soc_0003236 ctc_tec_0000473 ctc_foc_0002177 cdn_soc_0000050 ctc_dep_0000404 ctc_foc_0001002 ctc_foc_0003327 cts_esy_0000171 cts_for_0000678 ctc_ser_0000941 ctc_foc_0003610 ctc_dep_0000406 cdn_soc_0003220 ctc_cgo_0001053 cdn_eco_0001929 cdn_soc_0004167 cdn_soc_0002136 ctc_mnf_0002319 cts_for_0000387 ctc_foc_0001662 cts_eco_0000587 ctc_foc_0000703 cdn_foc_0008261 cts_for_0000908 cdn_loc_0000110 ctc_sto_0002301 ctc_sto_0002115 ctc_dep_0000636 cts_soc_0003114 ctc_ser_0000942 ctc_dep_0000233 cte_esy_0000163 cts_soc_0003637 ctc_tec_0000904 ctc_dep_0000509 ctc_ser_0001219 cts_foc_0005187 ctc_tec_0001178 cts_soc_0001445 cdn_ent_0000403 
008,cdn_foc_0001801 ctc_dep_0000877 cte_foc_0003271 cte_esy_0000216 cts_eco_0004366 cts_soc_0000236 cdn_eco_0003365 cts_foc_0004593 cdn_soc_0003588 cts_soc_0000046 cts_soc_0000103 cdn_eco_0002259 cts_esy_0000557 cts_eco_0002609 cts_eco_0003468 cts_soc_0000102 cts_eco_0004330 ctc_foc_0002477 cts_eco_0000557 cts_eco_0000757 cdn_foc_0005157 cdn_eco_0000118 cdn_foc_0007144 cts_eco_0000130 cts_eco_0000128 cdn_soc_0005091 cte_sto_0000423 cts_soc_0005822 cts_for_0000852 ctc_foc_0002942 cdn_eco_0003360 cte_foc_0001168 cdn_eco_0003344 ctc_dep_0001512 cdn_soc_0003357 ctc_foc_0001304 ctc_foc_0000953 ctc_foc_0003255 ctc_fin_0001033 cte_foc_0001421 ctc_chi_0000519 ctc_foc_0000632 cdn_soc_0004846 ctc_foc_0001494 ctc_eco_0000299 cts_soc_0005821 cdn_soc_0004843 cdn_eco_0000650 cts_eco_0001970 cts_eco_0000774 cdn_eco_0001878 cdn_eco_0000117 cts_eco_0004039 cdn_eco_0002077 ctc_foc_0000231 cte_sto_0000295 ctc_chi_0001352 ctc_foc_0000103 cdn_eco_0000755 ctc_foc_0003631 cdn_soc_0004897 cdn_eco_0003133 cdn_for_0000019 ctc_foc_0003409 ctc_eco_0000466 ctc_eco_0000773 cts_eco_0000005 ctc_dep_0000872 ctc_foc_0002599 ctc_eco_0000311 cts_eco_0001607 cdn_eco_0001579 cdn_chi_0001804 cdn_eco_0002421 cdn_foc_0006160 ctc_eco_0001377 ctc_foc_0000497 ctc_foc_0001368 ctc_foc_0001025 cdn_soc_0003356 ctc_foc_0001438 cts_eco_0000498 cts_eco_0002779 cts_eco_0003999 cdn_eco_0000363 cte_esy_0000232 ctc_dep_0000443 ctc_chi_0000480 cts_int_0001087 cdn_foc_0006155 ctc_dep_0000782 ctc_foc_0000117 ctc_foc_0002865 ctc_eco_0000316 ctc_sto_0006556 cts_eco_0004323 cts_eco_0000775 cts_eco_0000712 cts_eco_0000505 ctc_eco_0001665 
009,cdn_foc_0005332 cdn_foc_0005329 cdn_foc_0005314 cdn_foc_0004759 cdn_foc_0007786 cdn_chi_0002158 cte_foc_0003506 cdn_chi_0002126 cdn_foc_0005306 cdn_for_0000633 ctc_foc_0003318 cdn_foc_0005296 cts_pol_0003077 cte_foc_0003489 cts_foc_0005168 cts_for_0001775 cdn_foc_0003964 cts_pol_0003095 cdn_eco_0002904 ctc_dep_0001427 cts_foc_0005167 cdn_foc_0005334 cdn_foc_0004810 cdn_foc_0005586 cdn_foc_0007858 cts_chi_0000697 cts_pol_0003066 cdn_foc_0005331 cdn_foc_0005495 cte_foc_0002849 cdn_foc_0008408 cts_foc_0000894 ctc_foc_0000521 cdn_for_0000651 cdn_foc_0007908 cts_foc_0004239 cdn_foc_0001957 cdn_for_0000272 cdn_foc_0007861 cdn_for_0000006 cdn_foc_0005313 cdn_foc_0006415 cts_pol_0003045 cdn_foc_0007860 cte_foc_0000552 cdn_foc_0004187 cdn_foc_0000371 cts_chi_0000209 cdn_for_0000655 cts_pol_0001496 cdn_foc_0003055 cdn_chi_0002205 ctc_chi_0001871 cdn_foc_0005558 cts_chi_0001881 cdn_foc_0007787 cdn_foc_0001173 cts_foc_0005166 cte_esy_0000042 cdn_foc_0001514 cdn_chi_0001209 cts_chi_0002364 cts_foc_0000879 cdn_foc_0005229 cts_for_0001966 cdn_foc_0004688 cts_chi_0001340 cdn_for_0000465 cdn_foc_0002479 cts_int_0000261 ctc_dep_0000853 cdn_foc_0003316 cdn_foc_0005602 cts_for_0001922 cdn_foc_0006302 cdn_foc_0002417 cdn_foc_0001189 cts_foc_0001002 cdn_foc_0004598 cts_foc_0005169 cdn_foc_0004722 cts_chi_0001982 cts_pol_0001500 cdn_foc_0005268 cdn_foc_0005559 cdn_foc_0001176 cts_foc_0001064 cts_foc_0001135 cts_foc_0000890 cdn_foc_0003398 cdn_chi_0000100 cdn_foc_0007784 cts_chi_0001628 cts_foc_0000913 cts_for_0000670 cts_chi_0001263 cdn_foc_0005477 cdn_foc_0002223 cts_art_0001303 cdn_foc_0002702 
010,cdn_edu_0000502 cdn_edu_0000492 cte_foc_0003117 cts_soc_0004008 cdn_edu_0001007 cdn_foc_0008075 cdn_soc_0001064 cts_soc_0001128 cdn_soc_0000396 cte_foc_0000630 cts_foc_0004458 cdn_edu_0000771 cdn_soc_0001043 cdn_edu_0001168 cts_soc_0004695 cdn_soc_0000238 cdn_edu_0000893 cdn_soc_0000105 cdn_soc_0000982 cdn_edu_0001006 cte_foc_0000058 cts_soc_0006212 cdn_edu_0000851 cts_soc_0006272 cdn_foc_0001915 cdn_foc_0004511 cts_soc_0002805 cte_foc_0003116 cdn_foc_0008072 cdn_soc_0001005 cdn_soc_0000682 cts_soc_0004845 cdn_soc_0001023 cte_foc_0001453 cdn_edu_0001226 cdn_foc_0001814 cts_soc_0004801 cts_esy_0000417 cts_foc_0001948 cts_for_0000019 cdn_edu_0001281 cdn_soc_0000898 cdn_soc_0001103 cts_for_0000530 cdn_foc_0001969 cte_foc_0000747 cdn_soc_0000859 cts_soc_0001604 cdn_edu_0000323 cdn_edu_0000788 cts_for_0000507 cdn_edu_0000207 cdn_edu_0000216 cts_soc_0002342 cdn_soc_0001367 cdn_edu_0000550 cts_for_0000207 cdn_edu_0000143 cdn_edu_0000576 cdn_edu_0000992 cts_soc_0002303 cdn_edu_0001379 cdn_edu_0001183 cdn_soc_0000929 cts_soc_0002341 cts_soc_0001367 cts_soc_0001507 cdn_edu_0000447 cts_foc_0001069 cdn_edu_0000702 cdn_edu_0001388 cdn_soc_0004772 cdn_edu_0001343 cts_for_0000386 cts_pol_0000958 cts_soc_0000069 cts_for_0000401 cts_for_0000254 cts_for_0000011 cdn_edu_0000917 cts_foc_0001067 cts_foc_0000112 cts_soc_0003313 cts_soc_0001770 cdn_for_0000131 cts_soc_0002514 cdn_edu_0001108 cdn_edu_0000078 cdn_soc_0001455 cts_for_0000829 cts_soc_0005159 cdn_soc_0000788 cts_for_0001707 cts_soc_0001363 cdn_soc_0000175 cdn_soc_0001560 cdn_foc_0008071 cdn_ent_0000228 cte_foc_0000967 cdn_foc_0008536 
query_id,retrieved_docs
001,cdn_soc_0002307 cdn_soc_0003955 cts_for_0001093 cts_for_0002010 cts_for_0002013 cte_foc_0000260 cte_foc_0002798 cdn_soc_0002219 cdn_soc_0004946 cdn_loc_0001911 cts_soc_0002336 cts_soc_0000801 cts_for_0000202 cdn_soc_0000300 cts_for_0000925 cts_soc_0003580 cts_soc_0003259 cts_for_0000082 cdn_loc_0000300 cts_soc_0003030 cts_esy_0000215 cte_foc_0001543 cts_for_0000288 cts_for_0000180 cte_foc_0002784 cdn_soc_0004947 cts_soc_0005595 cts_soc_0004817 cts_for_0001203 cdn_soc_0002385 cts_ent_0001002 cdn_ent_0000749 cte_foc_0001485 cts_soc_0005821 cts_ent_0001662 cte_foc_0003486 cte_foc_0000558 cts_ent_0002596 cts_ent_0000339 cdn_soc_0000965 cts_for_0000782 cdn_foc_0000166 cts_art_0001157 cts_art_0000993 cdn_soc_0003603 cdn_foc_0003464 cts_art_0001951 cdn_loc_0001330 cts_ent_0000196 cts_ent_0003437 cts_art_0000296 cdn_soc_0004721 cts_art_0001900 cdn_spo_0000386 cts_soc_0004812 cts_soc_0005415 cts_for_0001915 cdn_soc_0000223 cdn_foc_0005200 cts_soc_0002409 cdn_eco_0002363 cdn_foc_0007696 cdn_foc_0004143 cdn_foc_0007374 cts_soc_0004551 cts_soc_0002209 cts_art_0000930 cts_art_0001155 cdn_loc_0000389 cts_int_0000042 cdn_ent_0000328 cts_int_0001842 cdn_ent_0000128 cts_ent_0000250 cdn_soc_0002947 cdn_loc_0001540 cts_soc_0005891 cdn_soc_0001745 cdn_ent_0000917 cts_int_0002667 cdn_soc_0002936 cdn_soc_0003622 cts_soc_0005892 cdn_soc_0000964 cdn_soc_0004137 cts_soc_0005820 cts_art_0001661 cts_ent_0002332 cdn_foc_0000618 cdn_ent_0000068 cts_ent_0000064 cts_art_0000687 cdn_soc_0002442 cts_for_0001897 cte_foc_0001178 cts_soc_0002332 cts_for_0001618 cts_pol_0000339 cdn_soc_0004651 cts_art_0000728 
002,cte_foc_0002373 cdn_edu_0000415 cdn_edu_0001109 cdn_edu_0000554 cts_soc_0005792 cdn_edu_0001302 cdn_edu_0001104 cdn_edu_0001009 cdn_edu_0001267 cts_soc_0005359 cdn_edu_0001271 cts_soc_0004597 cts_soc_0004922 cdn_edu_0001154 cdn_edu_0000914 cdn_edu_0001372 cts_soc_0005003 cdn_edu_0001047 cdn_edu_0000918 cdn_edu_0000919 cdn_edu_0000978 cdn_edu_0000811 cte_foc_0003620 cts_soc_0005356 cts_soc_0004894 cdn_edu_0001084 cdn_foc_0006366 cdn_foc_0006362 cdn_edu_0001143 cts_soc_0002755 cdn_foc_0006364 cts_soc_0005004 cdn_edu_0001270 cdn_edu_0001134 cdn_edu_0001155 cts_soc_0002187 cdn_edu_0001319 cdn_edu_0001165 cdn_soc_0001411 cts_art_0001460 cte_foc_0003425 cts_for_0001216 cdn_edu_0000220 cdn_edu_0001214 cdn_soc_0001296 cdn_edu_0001259 cte_foc_0003432 cdn_edu_0000755 cts_soc_0005514 cts_for_0000392 cdn_soc_0000493 cts_soc_0004035 cts_for_0001215 cts_soc_0004895 cdn_edu_0001320 cdn_loc_0001326 cdn_edu_0000512 cts_art_0001496 cdn_edu_0001015 cdn_for_0000132 cts_soc_0006066 cts_soc_0005535 cts_soc_0002342 cdn_soc_0001230 cdn_edu_0001197 cdn_edu_0001163 cts_for_0001821 cts_soc_0005120 cdn_soc_0001382 cdn_edu_0001253 cts_for_0000408 cdn_edu_0001105 cdn_soc_0000961 cts_soc_0006228 cdn_edu_0000928 cdn_edu_0000583 cts_soc_0002244 cts_for_0000427 cte_foc_0000156 cts_for_0001217 cdn_edu_0000447 cdn_soc_0000898 cte_foc_0003482 cdn_soc_0001695 cts_for_0000568 cdn_soc_0000320 cts_foc_0002014 cts_pol_0001186 cdn_edu_0000337 cts_soc_0004893 cdn_edu_0001080 cts_for_0000155 cdn_edu_0000759 cdn_foc_0007510 cts_soc_0005402 cdn_soc_0000639 cdn_soc_0000682 cdn_edu_0000742 cte_foc_0001019 ctc_ser_0000868 
003,cts_soc_0000597 cts_soc_0000287 cdn_soc_0004042 cts_soc_0000269 cdn_soc_0000013 cdn_foc_0008637 cts_soc_0000417 cts_soc_0000418 cdn_soc_0004228 cdn_soc_0003907 cdn_foc_0008635 cdn_foc_0008638 cts_soc_0000286 cdn_loc_0001324 cdn_loc_0001157 cdn_foc_0008636 cts_soc_0000274 cdn_soc_0001917 cts_for_0001706 cdn_soc_0003614 cdn_soc_0001397 cdn_soc_0000015 cdn_foc_0000009 cdn_soc_0002194 cdn_edu_0000507 cts_for_0000501 cts_soc_0002632 cdn_for_0000641 cts_soc_0002734 cts_soc_0005930 cdn_soc_0004043 cts_for_0001271 cdn_loc_0000587 cdn_foc_0007350 cts_soc_0005691 cts_soc_0005362 cts_soc_0004084 cts_soc_0004898 cdn_soc_0004775 cts_for_0001223 cts_pol_0002432 cts_for_0000718 cdn_soc_0003237 cdn_eco_0001564 cdn_foc_0007530 cte_foc_0001274 cdn_soc_0004620 cdn_loc_0001711 cts_ent_0000210 cts_soc_0001032 cdn_soc_0001775 cts_foc_0000581 cdn_soc_0004909 cte_foc_0001221 cdn_foc_0003959 cdn_soc_0000014 cdn_soc_0004721 cdn_loc_0000995 cts_soc_0006095 cdn_for_0000263 cdn_for_0000565 cdn_soc_0002909 cdn_foc_0002564 cdn_foc_0002544 cts_soc_0000239 cts_soc_0002352 cdn_foc_0005035 cdn_soc_0002446 ctc_esy_0000058 cdn_foc_0002586 cdn_soc_0001627 cdn_soc_0004787 cts_soc_0004462 cts_soc_0002781 cts_soc_0002588 ctc_dep_0000950 cdn_foc_0007364 cdn_soc_0002246 cts_foc_0002623 cdn_loc_0001105 cts_foc_0002419 cdn_loc_0000604 cdn_foc_0002019 cdn_foc_0002966 cdn_soc_0004002 cts_soc_0004088 cts_ent_0000316 cts_for_0000199 cdn_soc_0003626 cts_art_0000311 cts_foc_0001319 cts_soc_0005897 cte_esy_0000111 cdn_loc_0000630 cts_pol_0000339 cts_for_0000957 cdn_foc_0000634 cdn_foc_0001783 cts_soc_0000423 cdn_foc_0008639 
004,cts_chi_0002306 cdn_chi_0001993 ctc_chi_0001731 cts_chi_0002234 ctc_chi_0001730 cts_ent_0001940 cts_chi_0002315 cdn_ent_0000534 cts_chi_0002329 cdn_eco_0002860 cts_ent_0003686 ctc_chi_0001695 cts_ent_0003347 ctc_chi_0001603 cts_ent_0000111 ctc_chi_0001199 cdn_spo_0001254 cts_ent_0001585 ctc_chi_0001864 cts_ent_0000152 ctc_ser_0000158 cts_ent_0000308 cts_ent_0002947 cdn_ent_0000547 cts_soc_0005749 cts_ent_0000506 cts_ent_0002547 cts_ent_0002811 cdn_eco_0003314 cts_ent_0003609 cts_eco_0001889 ctc_dep_0001407 cts_ent_0001537 ctc_eco_0000164 cdn_loc_0001005 cdn_loc_0001013 cts_art_0000151 cts_ent_0002495 ctc_foc_0000239 ctc_dep_0000043 ctc_ser_0000276 cts_ent_0000761 cts_ent_0002473 cts_foc_0005257 cts_ent_0002272 cts_ent_0000499 cts_ent_0000359 cdn_spo_0000335 cdn_ent_0000246 cts_art_0000598 ctc_ser_0001237 ctc_ser_0000421 ctc_sto_0001376 cts_ent_0002011 cdn_soc_0003483 cts_art_0001673 cts_ent_0001315 ctc_foc_0000243 cts_eco_0000508 cts_art_0000154 cts_art_0000833 cts_int_0002718 ctc_dep_0000042 cts_ent_0003523 cts_int_0001474 cts_int_0001482 cts_foc_0003543 cdn_ent_0000992 ctc_eco_0000239 cts_ent_0001014 cts_eco_0000352 cts_int_0001499 cts_int_0002839 cte_foc_0003564 ctc_eco_0001301 cdn_eco_0003279 ctc_sto_0000944 cts_ent_0000321 cts_ent_0002330 ctc_mnf_0001232 ctc_tec_0000953 cts_ent_0003209 ctc_eco_0000060 ctc_eco_0001378 cts_chi_0001379 cts_ent_0001668 cts_int_0002551 cdn_eco_0002522 cts_pol_0000718 ctc_chi_0000586 cdn_chi_0000428 cts_chi_0001714 cts_chi_0002662 cts_int_0000420 cts_int_0002659 cts_chi_0001889 ctc_dep_0000131 ctc_eco_0000439 cts_chi_0002618 cts_ent_0001855 
005,cts_soc_0003601 cdn_loc_0002169 cdn_loc_0001006 cdn_loc_0000998 cdn_soc_0004796 cdn_soc_0003177 cdn_soc_0004797 cdn_soc_0003178 cts_soc_0004839 cdn_soc_0004137 cts_soc_0005710 cdn_loc_0001127 cts_soc_0005709 cts_for_0002122 cdn_loc_0001964 cts_soc_0000396 cdn_loc_0001956 cdn_loc_0001472 cdn_loc_0002176 cdn_loc_0000943 cdn_loc_0001523 cdn_loc_0000250 cdn_soc_0002947 cdn_loc_0000494 cdn_loc_0001218 cdn_loc_0001089 cts_soc_0002235 cdn_loc_0001338 cdn_loc_0002018 cdn_loc_0001758 cdn_loc_0001133 ctc_dep_0000114 cdn_eco_0001771 cdn_loc_0001404 cdn_loc_0000931 cdn_loc_0000306 cts_soc_0002304 cdn_loc_0000813 cdn_loc_0000590 cts_soc_0003254 ctc_ser_0000534 cdn_loc_0002048 cdn_loc_0001953 cdn_foc_0004373 cdn_loc_0000767 cte_foc_0000727 cdn_loc_0000116 cdn_loc_0000539 cdn_loc_0000307 cdn_foc_0005120 cdn_loc_0001134 cts_soc_0000464 cdn_loc_0002203 cdn_loc_0000097 cdn_loc_0000849 cdn_soc_0000098 cdn_loc_0001383 cdn_loc_0001747 cdn_loc_0000295 cdn_loc_0001505 cdn_loc_0000461 cts_soc_0002305 cdn_loc_0002023 cdn_loc_0000697 cdn_loc_0001680 cdn_loc_0000607 cdn_edu_0000321 cdn_loc_0001674 cdn_loc_0000586 cdn_loc_0000793 cdn_loc_0000824 cts_for_0001478 cts_soc_0002597 cdn_soc_0001806 cts_pol_0003166 cdn_loc_0002193 cdn_loc_0002200 cts_for_0000863 ctc_foc_0000096 cts_for_0001915 cdn_loc_0001213 cdn_soc_0003453 cte_foc_0001082 cdn_loc_0001792 cdn_loc_0002038 cdn_loc_0002085 cdn_soc_0004619 cdn_loc_0001457 cdn_loc_0000665 cdn_loc_0002037 cdn_soc_0003457 cte_foc_0002243 cdn_loc_0002114 cdn_edu_0001263 cdn_loc_0001179 cdn_loc_0001741 ctc_ser_0000495 cts_soc_0002720 cdn_loc_0001540 cdn_loc_0000079 
006,cdn_foc_0004860 cts_foc_0004652 cdn_eco_0003578 ctc_foc_0003504 cts_eco_0003578 ctc_dep_0001299 cdn_eco_0003475 cdn_eco_0004043 cte_foc_0003316 ctc_fin_0002731 ctc_foc_0003007 ctc_foc_0003285 cdn_eco_0003720 cdn_eco_0001201 cts_eco_0002928 cts_foc_0003666 cdn_foc_0005119 cdn_eco_0003084 cts_eco_0003859 ctc_foc_0000160 ctc_foc_0001334 ctc_foc_0001004 cts_eco_0003933 ctc_foc_0003252 cts_eco_0001645 ctc_dep_0000863 ctc_foc_0001013 ctc_foc_0003638 cts_eco_0003396 cdn_foc_0007931 cdn_eco_0003488 ctc_fin_0000825 cts_foc_0004117 cts_eco_0001358 cts_foc_0004121 ctc_foc_0003257 ctc_dep_0001397 cdn_eco_0003163 ctc_fin_0002508 cts_eco_0003022 ctc_foc_0000620 cdn_soc_0001759 cts_eco_0003686 cts_foc_0005005 cdn_foc_0008213 cdn_foc_0007932 cdn_eco_0000892 cts_foc_0005006 cts_eco_0003203 cdn_eco_0003729 cdn_foc_0008298 cts_eco_0003127 cdn_foc_0007939 ctc_foc_0002622 cdn_eco_0003725 cdn_foc_0008144 cdn_foc_0004104 cts_foc_0004122 cdn_eco_0001647 cts_eco_0003810 cdn_eco_0003686 ctc_fin_0002583 cts_eco_0003428 cdn_eco_0003653 cdn_foc_0006425 ctc_foc_0002315 cdn_eco_0003717 ctc_foc_0001014 ctc_fin_0002601 cts_eco_0003778 ctc_foc_0002413 cdn_foc_0007936 ctc_dep_0000676 ctc_dep_0000612 cts_eco_0003420 cdn_foc_0004055 ctc_dep_0000677 ctc_foc_0002640 ctc_foc_0003172 cdn_eco_0003174 cdn_for_0000461 cts_eco_0003093 cts_eco_0003860 ctc_foc_0000860 cdn_eco_0003776 ctc_eco_0001638 cdn_eco_0003886 cts_eco_0003802 cdn_eco_0003784 ctc_tec_0001602 ctc_foc_0001425 cts_eco_0003825 ctc_foc_0003271 cts_eco_0003861 cts_for_0000598 ctc_foc_0001553 ctc_esy_0000201 ctc_foc_0003169 cdn_foc_0005157 ctc_foc_0003491 
007,cts_soc_0002760 cdn_soc_0002354 cts_soc_0002759 cts_soc_0002357 cts_soc_0002098 cdn_edu_0000099 cts_pol_0001328 cts_soc_0003777 cdn_soc_0002417 ctc_tec_0001177 cts_soc_0002250 cdn_soc_0004669 cts_soc_0002419 cts_soc_0005565 ctc_tec_0000871 cte_foc_0001355 ctc_esy_0000078 ctc_tec_0000623 cts_pol_0001380 cts_soc_0002103 ctc_tec_0000655 ctc_tec_0001217 cts_soc_0002935 cts_soc_0002249 cts_for_0000970 cts_for_0000684 cts_soc_0003237 cts_soc_0003880 cts_for_0001326 cts_pol_0001061 cts_soc_0003518 ctc_tec_0000283 ctc_dep_0000407 cts_soc_0002761 cts_soc_0003559 cts_soc_0003560 ctc_dep_0000531 cts_soc_0002283 cts_for_0000971 cts_soc_0004526 ctc_foc_0002689 cts_soc_0003808 cts_soc_0003032 cts_soc_0003024 ctc_ser_0000943 cts_esy_0000174 cts_pol_0001384 cts_soc_0003236 cts_soc_0003296 cts_soc_0002782 cts_soc_0003121 cts_soc_0003115 ctc_foc_0001001 cte_foc_0002356 ctc_dep_0000404 ctc_foc_0002177 ctc_dep_0000405 cts_for_0001047 cts_soc_0001983 cdn_soc_0002136 ctc_tec_0001160 cts_for_0001686 cdn_soc_0003220 ctc_dep_0000406 ctc_cgo_0001053 cts_for_0000678 ctc_foc_0001662 cts_int_0002557 cdn_soc_0000050 cts_soc_0003114 cdn_soc_0003916 cts_soc_0002279 ctc_foc_0003327 ctc_dep_0000636 cts_for_0000908 ctc_foc_0001002 ctc_tec_0000473 cts_soc_0001445 ctc_dep_0000501 cte_foc_0001823 cts_esy_0000171 ctc_dep_0000233 ctc_foc_0003610 ctc_ser_0000941 ctc_mnf_0002319 cdn_soc_0004167 ctc_sto_0002301 cts_eco_0000587 cdn_eco_0001929 ctc_foc_0000703 cdn_foc_0008261 cdn_soc_0004696 ctc_dep_0000509 cts_for_0000387 cdn_loc_0000110 ctc_sto_0002115 ctc_mnf_0001476 ctc_ser_0001025 ctc_chi_0000660 cts_foc_0005187 
008,cdn_foc_0001801 ctc_dep_0000877 cte_foc_0003271 cte_esy_0000216 cts_eco_0004366 cts_soc_0000236 cdn_eco_0002259 cdn_eco_0003365 cts_soc_0000046 cts_soc_0000103 cdn_soc_0003588 cts_foc_0004593 cts_esy_0000557 cts_soc_0000102 cts_eco_0004330 cts_eco_0002609 cts_eco_0003468 cdn_foc_0005157 ctc_foc_0002477 cdn_soc_0005091 cts_eco_0000557 cdn_foc_0007144 cts_soc_0005822 cts_eco_0000757 cdn_eco_0000118 cts_eco_0000130 cts_eco_0000128 cts_soc_0005821 ctc_foc_0003255 cts_for_0000852 cte_foc_0001421 ctc_fin_0001033 cdn_soc_0004897 cte_esy_0000232 cte_sto_0000295 cdn_for_0000019 cts_pol_0000179 ctc_foc_0002942 cte_sto_0000423 ctc_dep_0001512 cts_eco_0001970 cdn_eco_0003344 cdn_soc_0003357 cte_foc_0001168 ctc_dep_0000443 cdn_eco_0000650 cdn_eco_0003360 cts_for_0001999 ctc_eco_0000299 cts_eco_0000712 cdn_soc_0004843 cdn_foc_0000687 ctc_chi_0000519 cts_for_0001753 ctc_eco_0000773 cdn_eco_0001878 ctc_foc_0000103 cdn_eco_0003133 ctc_chi_0001352 cdn_eco_0000117 ctc_foc_0001304 cdn_eco_0002077 cdn_eco_0000755 ctc_foc_0000953 cdn_loc_0001184 cdn_chi_0001804 ctc_foc_0001368 ctc_foc_0003631 cts_eco_0000505 ctc_chi_0000368 cts_eco_0004323 ctc_foc_0000632 cts_foc_0002623 ctc_foc_0001494 ctc_sto_0006556 ctc_eco_0001377 ctc_eco_0000316 cdn_soc_0004846 ctc_foc_0002865 cdn_eco_0000363 cts_eco_0002779 cdn_eco_0002421 ctc_foc_0002599 ctc_eco_0000311 cdn_soc_0003356 cts_eco_0001607 ctc_foc_0003409 ctc_dep_0000782 cts_eco_0000774 cts_eco_0003999 cdn_eco_0001254 ctc_foc_0000497 cdn_eco_0001970 ctc_foc_0000231 cts_eco_0004399 cts_eco_0004039 cts_eco_0000498 ctc_sto_0004379 ctc_foc_0000117 ctc_chi_0000480 
009,cdn_foc_0005332 cdn_foc_0005329 cdn_foc_0007786 cdn_foc_0005314 cdn_foc_0004759 cdn_chi_0002158 cdn_foc_0005306 cte_foc_0003506 cdn_foc_0005296 cdn_chi_0002126 cts_pol_0003077 ctc_foc_0003318 cdn_for_0000633 cdn_foc_0003964 cts_foc_0005168 cte_foc_0003489 cdn_eco_0002904 cts_for_0001775 cdn_foc_0005334 cts_pol_0003095 ctc_dep_0001427 cts_foc_0005167 cdn_foc_0007858 cts_chi_0000697 cdn_foc_0005586 cdn_foc_0004810 cts_pol_0003066 cdn_foc_0005313 cts_chi_0000209 cts_foc_0000894 ctc_foc_0000521 cte_foc_0002849 cts_pol_0001496 cdn_foc_0008408 cdn_foc_0005495 cdn_foc_0007861 cdn_foc_0005331 cts_foc_0004239 cdn_foc_0007908 cdn_foc_0001957 cdn_for_0000272 cdn_for_0000651 cdn_foc_0004187 cte_foc_0000552 cts_chi_0001340 cts_pol_0003045 cdn_foc_0006415 cdn_foc_0007860 ctc_chi_0001871 cts_foc_0005166 cdn_foc_0001173 cts_chi_0002364 cdn_foc_0002479 cts_eco_0001305 cts_foc_0000879 cts_for_0001966 cdn_chi_0000100 cdn_foc_0000371 cts_chi_0001881 cts_foc_0001064 cdn_chi_0002205 cts_foc_0005169 cts_foc_0000913 cts_chi_0001982 cts_eco_0000123 cdn_foc_0004688 cdn_chi_0001209 cdn_foc_0007787 cts_art_0001303 cts_eco_0001136 cts_for_0001922 cdn_foc_0005229 cdn_foc_0004598 cts_int_0000261 cte_esy_0000042 cts_foc_0000890 cts_pol_0001874 cdn_for_0000006 cdn_foc_0005330 cdn_for_0000655 cdn_foc_0005558 cts_chi_0001628 cts_pol_0001500 cts_chi_0002670 cdn_for_0000465 cdn_foc_0001514 cts_foc_0001135 cts_chi_0001263 cts_foc_0002524 cts_foc_0000936 cdn_foc_0002702 cdn_foc_0000792 cdn_foc_0005602 cdn_foc_0006302 cdn_foc_0004186 cdn_foc_0001189 cts_pol_0003043 cdn_foc_0005559 cdn_foc_0002417 cts_foc_0001002 
010,cdn_edu_0000492 cdn_edu_0000502 cte_foc_0003117 cts_soc_0004008 cdn_edu_0000771 cdn_foc_0008075 cts_soc_0001128 cdn_soc_0001064 cdn_soc_0000396 cts_foc_0004458 cte_foc_0000630 cdn_edu_0001007 cdn_soc_0001043 cdn_soc_0000238 cts_soc_0004695 cdn_soc_0000982 cdn_edu_0000893 cdn_foc_0004511 cdn_edu_0001168 cdn_edu_0000851 cdn_foc_0008072 cdn_soc_0000105 cdn_edu_0001006 cts_soc_0006212 cte_foc_0000058 cte_foc_0003116 cdn_foc_0001915 cts_soc_0006272 cts_soc_0002805 cdn_soc_0001023 cdn_foc_0001814 cts_esy_0000417 cte_foc_0001453 cdn_soc_0001005 cdn_edu_0000207 cdn_soc_0001103 cts_soc_0004845 cts_foc_0001948 cdn_soc_0000898 cte_foc_0000747 cdn_edu_0001281 cdn_soc_0000682 cdn_edu_0000576 cdn_foc_0001969 cts_for_0000530 cts_soc_0001604 cdn_edu_0001183 cdn_edu_0001226 cdn_soc_0000859 cdn_edu_0000550 cts_soc_0004801 cts_for_0000507 cdn_soc_0001367 cts_for_0000019 cts_soc_0001367 cts_soc_0002342 cdn_soc_0000929 cdn_edu_0000143 cts_soc_0002341 cts_soc_0001507 cdn_edu_0000216 cts_for_0000207 cdn_edu_0000788 cdn_edu_0000323 cts_foc_0001069 cdn_edu_0001343 cdn_edu_0000992 cts_soc_0002303 cdn_soc_0001455 cdn_edu_0000447 cdn_edu_0001379 cts_soc_0000069 cts_for_0000254 cts_soc_0003313 cdn_for_0000131 cts_for_0000401 cdn_foc_0008536 cts_for_0000011 cdn_edu_0000078 cdn_edu_0001108 cts_foc_0000112 cdn_soc_0004772 cdn_soc_0000788 cts_soc_0001363 cts_foc_0001067 cdn_soc_0000175 cts_pol_0000958 cdn_edu_0000702 cdn_foc_0008537 cts_for_0000829 cte_foc_0000967 cts_soc_0001979 cts_for_0000386 cdn_ent_0000228 cdn_edu_0000111 cdn_soc_0001123 cdn_soc_0001560 cts_soc_0001770 cdn_soc_0000658 cdn_edu_0001388 
